ID.PrisonAg,Confirmed_Activities,Activity_Category,Activity_Subcategory
560,1,Horticulture & Landscaping,Horticulture Program
1014,1,Food Processing & Production,Food Processing
1018,1,Animal Agriculture,Equine
1019,1,Horticulture & Landscaping,Garden
1019,1,Horticulture & Landscaping,Flowers
1024,1,Crops & Silviculture,Crops
1026,1,Horticulture & Landscaping,Garden
1027,1,Horticulture & Landscaping,Garden
1028,1,Horticulture & Landscaping,Horticulture Program
1029,1,Horticulture & Landscaping,Garden
1032,1,Horticulture & Landscaping,Horticulture Program
1032,1,Horticulture & Landscaping,Garden
1032,1,Horticulture & Landscaping,Composting
1034,1,Horticulture & Landscaping,Horticulture Program
1034,1,Horticulture & Landscaping,Garden
1038,1,Horticulture & Landscaping,Garden
1039,1,Horticulture & Landscaping,Garden
1044,1,Horticulture & Landscaping,Garden
1046,1,Horticulture & Landscaping,Horticulture Program
1049,1,Horticulture & Landscaping,Garden
1055,1,Crops & Silviculture,Crops
1066,1,Horticulture & Landscaping,Garden
1068,1,Horticulture & Landscaping,Garden
1083,1,Horticulture & Landscaping,Horticulture Program
1084,1,Horticulture & Landscaping,Greenhouse
1084,1,Horticulture & Landscaping,Horticulture Program
1097,1,Horticulture & Landscaping,Horticulture Program
1098,1,Horticulture & Landscaping,Horticulture Program
1105,1,Horticulture & Landscaping,Garden
1105,1,Horticulture & Landscaping,Flowers
1105,1,Horticulture & Landscaping,Landscaping
1107,1,Horticulture & Landscaping,Garden
1107,1,Horticulture & Landscaping,Landscaping
1,1,Horticulture & Landscaping,Horticulture Program
2,1,Horticulture & Landscaping,Horticulture Program
2,1,Animal Agriculture,Equine
5,1,Horticulture & Landscaping,Horticulture Program
8,1,Horticulture & Landscaping,Horticulture Program
11,1,Horticulture & Landscaping,Horticulture Program
11,1,Crops & Silviculture,Crops
11,1,Animal Agriculture,Equine
11,1,Animal Agriculture,Livestock
12,1,Horticulture & Landscaping,Horticulture Program
17,1,Animal Agriculture,Equine
20,1,Horticulture & Landscaping,Garden
21,1,Horticulture & Landscaping,Garden
22,1,Horticulture & Landscaping,Garden
23,1,Horticulture & Landscaping,Garden
24,1,Food Processing & Production,Meat Processing
25,1,Horticulture & Landscaping,Flowers
26,1,Horticulture & Landscaping,Garden
27,1,Horticulture & Landscaping,Garden
27,1,Horticulture & Landscaping,Greenhouse
27,1,Horticulture & Landscaping,Therapy Garden
27,1,Food Processing & Production,State Central Kitchen
31,1,Horticulture & Landscaping,Flowers
31,1,Horticulture & Landscaping,House Plants
31,1,Horticulture & Landscaping,Therapy Garden
34,1,Crops & Silviculture,Crops
34,1,Animal Agriculture,Aquaculture
35,1,Horticulture & Landscaping,Horticulture Program
35,1,Horticulture & Landscaping,Greenhouse
35,1,Horticulture & Landscaping,Master Gardener Class
35,1,Horticulture & Landscaping,Flowers
35,1,Horticulture & Landscaping,Arboriculture
36,1,Horticulture & Landscaping,Garden
38,1,Horticulture & Landscaping,Garden
40,1,Horticulture & Landscaping,Therapy Garden
41,1,Horticulture & Landscaping,Greenhouse
41,1,Horticulture & Landscaping,Flowers
41,1,Horticulture & Landscaping,Garden
42,1,Horticulture & Landscaping,Garden
44,1,Horticulture & Landscaping,Garden
48,1,Horticulture & Landscaping,Garden
49,1,Horticulture & Landscaping,Greenhouse
49,1,Horticulture & Landscaping,Garden
49,1,Horticulture & Landscaping,Flowers
49,1,Horticulture & Landscaping,Vegetable Starters
49,1,Horticulture & Landscaping,Flowers
50,1,Horticulture & Landscaping,Garden
53,1,Horticulture & Landscaping,Garden
53,1,Horticulture & Landscaping,Horticulture Program
54,1,Horticulture & Landscaping,Greenhouse
54,1,Horticulture & Landscaping,Garden
56,1,Horticulture & Landscaping,Garden
56,1,Horticulture & Landscaping,Horticulture Program
57,1,Horticulture & Landscaping,Garden
59,1,Horticulture & Landscaping,Garden
60,1,Horticulture & Landscaping,Garden
60,1,Horticulture & Landscaping,Composting
60,1,Horticulture & Landscaping,Flowers
65,1,Horticulture & Landscaping,Horticulture Program
65,1,Horticulture & Landscaping,Garden
65,1,Horticulture & Landscaping,Greenhouse
65,1,Horticulture & Landscaping,Landscaping
65,1,Horticulture & Landscaping,Pest Management
65,1,Horticulture & Landscaping,Farmers Market
67,1,Horticulture & Landscaping,Garden
67,1,Horticulture & Landscaping,Pollinator Garden
67,1,Crops & Silviculture,Orchard
67,1,Animal Agriculture,Beekeeping
68,1,Horticulture & Landscaping,Garden
68,1,Horticulture & Landscaping,Flowers
71,1,Horticulture & Landscaping,Garden
72,1,Horticulture & Landscaping,Garden
72,1,Horticulture & Landscaping,Greenhouse
72,1,Horticulture & Landscaping,Pollinator Garden
72,1,Horticulture & Landscaping,Composting
73,1,Horticulture & Landscaping,Garden
73,1,Horticulture & Landscaping,Flowers
73,1,Horticulture & Landscaping,Pollinator Garden
73,1,Animal Agriculture,Butterfly Hatchery
76,1,Horticulture & Landscaping,Garden
76,1,Crops & Silviculture,Orchard
77,1,Horticulture & Landscaping,Garden
77,1,Horticulture & Landscaping,Composting
77,1,Crops & Silviculture,Orchard
77,1,Animal Agriculture,Beekeeping
77,1,Food Processing & Production,Honey Production
78,1,Horticulture & Landscaping,Aquaponics
79,1,Horticulture & Landscaping,Horticulture Program
79,1,Horticulture & Landscaping,Garden
79,1,Horticulture & Landscaping,Hydroponics
80,1,Horticulture & Landscaping,Garden
80,1,Food Processing & Production,Food Processing
82,1,Horticulture & Landscaping,Garden
82,1,Horticulture & Landscaping,Composting
83,1,Horticulture & Landscaping,Garden
83,1,Horticulture & Landscaping,Landscaping
83,1,Horticulture & Landscaping,Pest Management
83,1,Horticulture & Landscaping,Greenhouse
83,1,Horticulture & Landscaping,Composting
84,1,Horticulture & Landscaping,Garden
85,1,Horticulture & Landscaping,Garden
87,1,Horticulture & Landscaping,Garden
87,1,Horticulture & Landscaping,Greenhouse
87,1,Horticulture & Landscaping,Flowers
89,1,Horticulture & Landscaping,Garden
94,1,Horticulture & Landscaping,Garden
96,1,Horticulture & Landscaping,Garden
97,1,Horticulture & Landscaping,Garden
98,1,Horticulture & Landscaping,Garden
98,1,Horticulture & Landscaping,Landscaping
98,1,Horticulture & Landscaping,Pest Management
98,1,Horticulture & Landscaping,Greenhouse
98,1,Food Processing & Production,Food Processing
99,1,Horticulture & Landscaping,Garden
100,1,Horticulture & Landscaping,Garden
100,1,Horticulture & Landscaping,Landscaping
100,1,Horticulture & Landscaping,Pest Management
100,1,Horticulture & Landscaping,Greenhouse
101,1,Horticulture & Landscaping,Garden
101,1,Animal Agriculture,Eggs
103,1,Horticulture & Landscaping,Garden
104,1,Horticulture & Landscaping,Garden
104,1,Horticulture & Landscaping,Greenhouse
105,1,Horticulture & Landscaping,Garden
105,1,Horticulture & Landscaping,Greenhouse
105,1,Horticulture & Landscaping,Pollinator Garden
105,1,Horticulture & Landscaping,Horticulture Program
105,1,Animal Agriculture,Beekeeping
106,1,Horticulture & Landscaping,Garden
107,1,Horticulture & Landscaping,Garden
109,1,Horticulture & Landscaping,Garden
109,1,Horticulture & Landscaping,Greenhouse
109,1,Crops & Silviculture,Orchard
110,1,Horticulture & Landscaping,Garden
110,1,Horticulture & Landscaping,Arboriculture
111,1,Horticulture & Landscaping,Garden
111,1,Horticulture & Landscaping,Landscaping
111,1,Horticulture & Landscaping,Pest Management
111,1,Horticulture & Landscaping,Greenhouse
113,1,Horticulture & Landscaping,Garden
115,1,Horticulture & Landscaping,Flowers
117,1,Horticulture & Landscaping,Garden
117,1,Horticulture & Landscaping,Flowers
118,1,Horticulture & Landscaping,Garden
118,1,Horticulture & Landscaping,Pollinator Garden
119,1,Horticulture & Landscaping,Garden
119,1,Horticulture & Landscaping,Flowers
120,1,Horticulture & Landscaping,Garden
120,1,Horticulture & Landscaping,Pollinator Garden
120,1,Horticulture & Landscaping,Gardening Enterprise Course
121,1,Horticulture & Landscaping,Greenhouse
124,1,Animal Agriculture,Equine
125,1,Horticulture & Landscaping,Greenhouse
125,1,Horticulture & Landscaping,Garden
127,1,Horticulture & Landscaping,Garden
128,1,Horticulture & Landscaping,Garden
129,1,Horticulture & Landscaping,Garden
132,1,Horticulture & Landscaping,Garden
132,1,Horticulture & Landscaping,Flowers
133,1,Horticulture & Landscaping,Horticulture Program
133,1,Horticulture & Landscaping,Garden
135,1,Horticulture & Landscaping,Garden
135,1,Horticulture & Landscaping,Native Species
141,1,Horticulture & Landscaping,Garden
142,1,Horticulture & Landscaping,Garden
143,1,Horticulture & Landscaping,Greenhouse
146,1,Horticulture & Landscaping,Horticulture Program
147,1,Horticulture & Landscaping,Garden
150,1,Horticulture & Landscaping,Garden
151,1,Horticulture & Landscaping,Greenhouse
151,1,Crops & Silviculture,Crops
151,1,Animal Agriculture,Dairy
152,1,Horticulture & Landscaping,Garden
152,1,Crops & Silviculture,Crops
153,1,Horticulture & Landscaping,Horticulture Program
157,1,Horticulture & Landscaping,Landscaping
159,1,Horticulture & Landscaping,Horticulture Program
160,1,Horticulture & Landscaping,Garden
160,1,Horticulture & Landscaping,Composting
160,1,Crops & Silviculture,Crops
162,1,Horticulture & Landscaping,Garden
162,1,Horticulture & Landscaping,Flowers
162,1,Crops & Silviculture,Firewood
162,1,Animal Agriculture,Beekeeping
162,1,Food Processing & Production,Food Processing
163,1,Horticulture & Landscaping,Garden
163,1,Horticulture & Landscaping,Flowers
163,1,Horticulture & Landscaping,Horticulture Program
163,1,Horticulture & Landscaping,Composting
163,1,Animal Agriculture,Beekeeping
164,1,Horticulture & Landscaping,Garden
164,1,Horticulture & Landscaping,Flowers
164,1,Crops & Silviculture,Crops
164,1,Animal Agriculture,Beekeeping
165,1,Horticulture & Landscaping,Composting
165,1,Animal Agriculture,Beekeeping
165,1,Food Processing & Production,Food Processing
166,1,Horticulture & Landscaping,Garden
166,1,Horticulture & Landscaping,Composting
166,1,Animal Agriculture,Beekeeping
167,1,Horticulture & Landscaping,Garden
167,1,Horticulture & Landscaping,Flowers
167,1,Horticulture & Landscaping,Composting
167,1,Animal Agriculture,Beekeeping
168,1,Horticulture & Landscaping,Composting
168,1,Horticulture & Landscaping,Flowers
168,1,Horticulture & Landscaping,Garden
168,1,Animal Agriculture,Beekeeping
169,1,Horticulture & Landscaping,Flowers
169,1,Horticulture & Landscaping,Garden
169,1,Horticulture & Landscaping,Composting
169,1,Horticulture & Landscaping,Horticulture Program
169,1,Crops & Silviculture,Silviculture
169,1,Crops & Silviculture,Firewood
170,1,Horticulture & Landscaping,Flowers
170,1,Horticulture & Landscaping,Garden
170,1,Horticulture & Landscaping,Greenhouse
170,1,Horticulture & Landscaping,Composting
170,1,Crops & Silviculture,Silviculture
170,1,Animal Agriculture,Beekeeping
171,1,Horticulture & Landscaping,Horticulture Program
171,1,Horticulture & Landscaping,Garden
171,1,Horticulture & Landscaping,Greenhouse
171,1,Horticulture & Landscaping,Flowers
171,1,Horticulture & Landscaping,Composting
171,1,Animal Agriculture,Beekeeping
172,1,Horticulture & Landscaping,Garden
172,1,Horticulture & Landscaping,Greenhouse
172,1,Horticulture & Landscaping,Composting
172,1,Horticulture & Landscaping,Horticulture Program
172,1,Crops & Silviculture,Crops
172,1,Animal Agriculture,Beekeeping
173,1,Horticulture & Landscaping,Composting
173,1,Animal Agriculture,Beekeeping
173,1,Animal Agriculture,Aquaculture
177,1,Horticulture & Landscaping,Garden
177,1,Horticulture & Landscaping,Horticulture Program
178,1,Horticulture & Landscaping,Garden
179,1,Horticulture & Landscaping,Garden
179,1,Food Processing & Production,Food Production
182,1,Horticulture & Landscaping,Horticulture Program
183,1,Horticulture & Landscaping,Garden
183,1,Horticulture & Landscaping,Pest Management
183,1,Horticulture & Landscaping,Horticulture Program
183,1,Crops & Silviculture,Crops
183,1,Animal Agriculture,Dairy
184,1,Horticulture & Landscaping,Horticulture Program
189,1,Horticulture & Landscaping,Garden
189,1,Crops & Silviculture,Orchard
189,1,Animal Agriculture,Beekeeping
191,1,Horticulture & Landscaping,Garden
193,1,Horticulture & Landscaping,Garden
193,1,Animal Agriculture,Pheasant
194,1,Horticulture & Landscaping,Garden
195,1,Horticulture & Landscaping,Garden
196,1,Horticulture & Landscaping,Garden
197,1,Horticulture & Landscaping,Garden
198,1,Horticulture & Landscaping,Garden
198,1,Crops & Silviculture,Crops
198,1,Animal Agriculture,Dairy
198,1,Food Processing & Production,Dairy Processing
199,1,Horticulture & Landscaping,Garden
200,1,Horticulture & Landscaping,Garden
201,1,Horticulture & Landscaping,Garden
202,1,Horticulture & Landscaping,Garden
202,1,Animal Agriculture,Pheasant
203,1,Horticulture & Landscaping,Garden
203,1,Animal Agriculture,Pheasant
204,1,Horticulture & Landscaping,Garden
205,1,Horticulture & Landscaping,Garden
206,1,Horticulture & Landscaping,Garden
206,1,Horticulture & Landscaping,Greenhouse
207,1,Horticulture & Landscaping,Horticulture Program
207,1,Horticulture & Landscaping,Garden
207,1,Horticulture & Landscaping,Greenhouse
207,1,Horticulture & Landscaping,Plant Starters
208,1,Horticulture & Landscaping,Garden
209,1,Horticulture & Landscaping,Garden
209,1,Horticulture & Landscaping,Flowers
210,1,Horticulture & Landscaping,Garden
210,1,Crops & Silviculture,Silviculture
211,1,Horticulture & Landscaping,Garden
211,1,Horticulture & Landscaping,Sagebrush Cultivation
211,1,Crops & Silviculture,Crops
211,1,Animal Agriculture,Livestock
211,1,Animal Agriculture,Wild Horses
214,1,Horticulture & Landscaping,Garden
214,1,Animal Agriculture,Aquaculture
219,1,Crops & Silviculture,Crops
219,1,Animal Agriculture,Livestock
222,1,Crops & Silviculture,Crops
225,1,Animal Agriculture,Beekeeping
231,1,Crops & Silviculture,Crops
234,1,Horticulture & Landscaping,Nursery
239,1,Crops & Silviculture,Crops
243,1,Crops & Silviculture,Crops
250,1,Crops & Silviculture,Crops
252,1,Crops & Silviculture,Crops
253,1,Crops & Silviculture,Crops
256,1,Horticulture & Landscaping,Greenhouse
258,1,Crops & Silviculture,Crops
261,1,Crops & Silviculture,Crops
264,1,Horticulture & Landscaping,Landscaping
265,1,Crops & Silviculture,Crops
266,1,Crops & Silviculture,Silviculture
266,1,Animal Agriculture,Livestock
266,1,Food Processing & Production,Slaughterhouse
268,1,Crops & Silviculture,Crops
270,1,Crops & Silviculture,Crops
272,1,Animal Agriculture,Equine
278,1,Horticulture & Landscaping,Landscaping
279,1,Crops & Silviculture,Crops
286,1,Crops & Silviculture,Crops
287,1,Crops & Silviculture,Crops
287,1,Crops & Silviculture,Chemical Application Certification
290,1,Crops & Silviculture,Crops
292,1,Crops & Silviculture,Crops
293,1,Crops & Silviculture,Crops
300,1,Crops & Silviculture,Crops
301,1,Crops & Silviculture,Crops
304,1,Crops & Silviculture,Crops
309,1,Horticulture & Landscaping,Horticulture Program
309,1,Horticulture & Landscaping,Sagebrush Cultivation
309,1,Crops & Silviculture,Plant Science
310,1,Horticulture & Landscaping,Sagebrush Cultivation
310,1,Crops & Silviculture,Crops
311,1,Horticulture & Landscaping,Garden
311,1,Horticulture & Landscaping,Sagebrush Cultivation
316,1,Horticulture & Landscaping,Horticulture Program
318,1,Crops & Silviculture,Crops
318,1,Animal Agriculture,Livestock
320,1,Horticulture & Landscaping,Landscaping
322,1,Horticulture & Landscaping,Landscaping
327,1,Food Processing & Production,Seafood Handling
328,1,Food Processing & Production,Seafood Handling
329,1,Horticulture & Landscaping,Greenhouse
329,1,Food Processing & Production,Seafood Handling
330,1,Food Processing & Production,Seafood Handling
331,1,Horticulture & Landscaping,Flowers
331,1,Food Processing & Production,Seafood Handling
332,1,Food Processing & Production,Seafood Handling
333,1,Horticulture & Landscaping,Garden
333,1,Food Processing & Production,Seafood Handling
334,1,Horticulture & Landscaping,Garden
334,1,Horticulture & Landscaping,Greenhouse
334,1,Food Processing & Production,Seafood Handling
335,1,Horticulture & Landscaping,Garden
336,1,Horticulture & Landscaping,Garden
336,1,Horticulture & Landscaping,Horticulture Program
336,1,Horticulture & Landscaping,Greenhouse
336,1,Crops & Silviculture,Crops
336,1,Animal Agriculture,Livestock
336,1,Food Processing & Production,Seafood Handling
338,1,Horticulture & Landscaping,Horticulture Program
338,1,Horticulture & Landscaping,Nursery
338,1,Horticulture & Landscaping,Greenhouse
338,1,Crops & Silviculture,Crops
338,1,Animal Agriculture,Equine
338,1,Animal Agriculture,Poultry
338,1,Animal Agriculture,Aquaculture
338,1,Food Processing & Production,Egg Processing
338,1,Food Processing & Production,Animal Feed Packaging
339,1,Animal Agriculture,Poultry
339,1,Food Processing & Production,Egg Processing
340,1,Horticulture & Landscaping,Horticulture Program
340,1,Animal Agriculture,Poultry
340,1,Food Processing & Production,Egg Processing
343,1,Horticulture & Landscaping,Garden
346,1,Animal Agriculture,Eggs
346,1,Animal Agriculture,Poultry
347,1,Horticulture & Landscaping,Native Species
351,1,Food Processing & Production,Food and Beverage Packaging
358,1,Animal Agriculture,Dairy
358,1,Food Processing & Production,Dairy Processing
358,1,Food Processing & Production,Food and Beverage Packaging
363,1,Horticulture & Landscaping,Landscaping
363,1,Crops & Silviculture,Crops
365,1,Crops & Silviculture,Crops
365,1,Animal Agriculture,Dairy
365,1,Food Processing & Production,Dairy Processing
366,1,Horticulture & Landscaping,Landscaping
366,1,Horticulture & Landscaping,Horticulture Program
370,1,Food Processing & Production,Coffee Roasting
370,1,Food Processing & Production,Food and Beverage Packaging
370,1,Food Processing & Production,Meat Cutting
374,1,Horticulture & Landscaping,Horticulture Program
375,1,Food Processing & Production,Food and Beverage Packaging
381,1,Horticulture & Landscaping,Horticulture Program
383,1,Horticulture & Landscaping,Horticulture Program
391,1,Horticulture & Landscaping,Garden
392,1,Horticulture & Landscaping,Horticulture Program
393,1,Horticulture & Landscaping,Garden
395,1,Horticulture & Landscaping,Horticulture Program
396,1,Horticulture & Landscaping,Aquaponics
396,1,Animal Agriculture,Aquaculture
398,1,Horticulture & Landscaping,Hydroponics
398,1,Horticulture & Landscaping,Landscaping
398,1,Crops & Silviculture,Crops
398,1,Animal Agriculture,Aquaculture
399,1,Horticulture & Landscaping,Horticulture Program
399,1,Horticulture & Landscaping,Landscaping
399,1,Horticulture & Landscaping,Hydroponics
399,1,Horticulture & Landscaping,Greenhouse
399,1,Horticulture & Landscaping,Native Species
399,1,Horticulture & Landscaping,Greenhouse Construction Course
399,1,Horticulture & Landscaping,Sustainable Food Production Course
399,1,Animal Agriculture,Eggs
399,1,Animal Agriculture,Poultry Production Course
400,1,Horticulture & Landscaping,Horticulture Program
400,1,Horticulture & Landscaping,Nursery
400,1,Horticulture & Landscaping,Hydroponics
400,1,Animal Agriculture,Livestock
402,1,Horticulture & Landscaping,Sagebrush Cultivation
403,1,Horticulture & Landscaping,Garden
403,1,Horticulture & Landscaping,Horticulture Program
404,1,Horticulture & Landscaping,Garden
404,1,Horticulture & Landscaping,Landscaping
404,1,Horticulture & Landscaping,Sagebrush Cultivation
404,1,Crops & Silviculture,Crops
404,1,Food Processing & Production,Food Processing
405,1,Horticulture & Landscaping,Garden
405,1,Crops & Silviculture,Crops
405,1,Food Processing & Production,Food Processing
406,1,Horticulture & Landscaping,Horticulture Program
406,1,Horticulture & Landscaping,Greenhouse
406,1,Horticulture & Landscaping,Nursery
406,1,Horticulture & Landscaping,Composting
407,1,Horticulture & Landscaping,Garden
408,1,Horticulture & Landscaping,Garden
408,1,Horticulture & Landscaping,Greenhouse
408,1,Horticulture & Landscaping,Flowers
409,1,Horticulture & Landscaping,Greenhouse
409,1,Horticulture & Landscaping,Garden
409,1,Crops & Silviculture,Crops
409,1,Food Processing & Production,Food Processing
410,1,Horticulture & Landscaping,Horticulture Program
411,1,Horticulture & Landscaping,Garden
412,1,Horticulture & Landscaping,Horticulture Program
413,1,Horticulture & Landscaping,Master Gardener Class
413,1,Horticulture & Landscaping,Garden
413,1,Horticulture & Landscaping,Hydroponics
413,1,Horticulture & Landscaping,Composting
414,1,Horticulture & Landscaping,Garden
414,1,Horticulture & Landscaping,Greenhouse
415,1,Horticulture & Landscaping,Garden
416,1,Horticulture & Landscaping,Garden
416,1,Horticulture & Landscaping,Horticulture Program
417,1,Horticulture & Landscaping,Horticulture Program
417,1,Horticulture & Landscaping,Garden
418,1,Horticulture & Landscaping,Horticulture Program
418,1,Horticulture & Landscaping,Garden
418,1,Horticulture & Landscaping,Flowers
420,1,Horticulture & Landscaping,Horticulture Program
421,1,Horticulture & Landscaping,Horticulture Program
421,1,Horticulture & Landscaping,Garden
421,1,Horticulture & Landscaping,Flowers
422,1,Horticulture & Landscaping,Horticulture Program
423,1,Horticulture & Landscaping,Garden
423,1,Horticulture & Landscaping,Composting
424,1,Horticulture & Landscaping,Horticulture Program
425,1,Horticulture & Landscaping,Garden
425,1,Horticulture & Landscaping,Greenhouse
425,1,Horticulture & Landscaping,Composting
425,1,Horticulture & Landscaping,Pollinator Garden
426,1,Horticulture & Landscaping,Garden
426,1,Horticulture & Landscaping,Horticulture Program
428,1,Horticulture & Landscaping,Horticulture Program
429,1,Horticulture & Landscaping,Composting
429,1,Horticulture & Landscaping,Greenhouse
429,1,Horticulture & Landscaping,Garden
429,1,Horticulture & Landscaping,Horticulture Program
430,1,Horticulture & Landscaping,Garden
430,1,Horticulture & Landscaping,Flowers
431,1,Horticulture & Landscaping,Horticulture Program
432,1,Horticulture & Landscaping,Horticulture Program
432,1,Animal Agriculture,Equine
432,1,Food Processing & Production,Dairy Processing
432,1,Food Processing & Production,Food Processing
432,1,Food Processing & Production,Spice Production
432,1,Food Processing & Production,Juice Production
433,1,Horticulture & Landscaping,Horticulture Program
433,1,Horticulture & Landscaping,Pest Management
433,1,Horticulture & Landscaping,Garden
434,1,Horticulture & Landscaping,Horticulture Program
434,1,Horticulture & Landscaping,Garden
434,1,Food Processing & Production,Food Processing
435,1,Horticulture & Landscaping,Greenhouse
435,1,Horticulture & Landscaping,Horticulture Program
436,1,Horticulture & Landscaping,Master Gardener Class
440,1,Horticulture & Landscaping,Horticulture Program
440,1,Horticulture & Landscaping,Landscaping
443,1,Horticulture & Landscaping,Master Gardener Class
443,1,Horticulture & Landscaping,Horticulture Program
443,1,Horticulture & Landscaping,Landscaping
445,1,Horticulture & Landscaping,Garden
446,1,Horticulture & Landscaping,Master Gardener Class
446,1,Horticulture & Landscaping,Garden
449,1,Horticulture & Landscaping,Landscaping
450,1,Horticulture & Landscaping,Garden
451,1,Crops & Silviculture,Crops
451,1,Animal Agriculture,Livestock
452,1,Horticulture & Landscaping,Horticulture Program
452,1,Horticulture & Landscaping,Landscaping
452,1,Horticulture & Landscaping,Garden
452,1,Horticulture & Landscaping,Flowers
452,1,Horticulture & Landscaping,Shrubs
452,1,Animal Agriculture,Beekeeping
453,1,Horticulture & Landscaping,Landscaping
454,1,Horticulture & Landscaping,Garden
454,1,Crops & Silviculture,Crops
455,1,Horticulture & Landscaping,Garden
455,1,Horticulture & Landscaping,Landscaping
456,1,Horticulture & Landscaping,Garden
456,1,Horticulture & Landscaping,Greenhouse
456,1,Crops & Silviculture,Crops
456,1,Crops & Silviculture,Silviculture
456,1,Animal Agriculture,Livestock
457,1,Horticulture & Landscaping,Garden
457,1,Crops & Silviculture,Crops
457,1,Animal Agriculture,Beekeeping
458,1,Horticulture & Landscaping,Garden
458,1,Horticulture & Landscaping,Landscaping
458,1,Crops & Silviculture,Crops
458,1,Animal Agriculture,Livestock
459,1,Horticulture & Landscaping,Garden
459,1,Horticulture & Landscaping,Landscaping
459,1,Horticulture & Landscaping,Nursery
459,1,Horticulture & Landscaping,Pollinator Garden
459,1,Horticulture & Landscaping,Greenhouse
459,1,Crops & Silviculture,Crops
459,1,Animal Agriculture,Poultry
459,1,Food Processing & Production,Egg Processing
462,1,Horticulture & Landscaping,Garden
462,1,Horticulture & Landscaping,Composting
462,1,Horticulture & Landscaping,Master Gardener Class
464,1,Animal Agriculture,Livestock
465,1,Horticulture & Landscaping,Garden
465,1,Horticulture & Landscaping,Greenhouse
466,1,Horticulture & Landscaping,Landscaping
466,1,Horticulture & Landscaping,Horticulture Program
467,1,Horticulture & Landscaping,Garden
468,1,Horticulture & Landscaping,Master Gardener Class
468,1,Crops & Silviculture,Crops
468,1,Crops & Silviculture,Land Management
468,1,Crops & Silviculture,Pesticide Management
468,1,Animal Agriculture,Livestock
468,1,Animal Agriculture,Herd Management
468,1,Animal Agriculture,Dairy
468,1,Animal Agriculture,Reproductive Management
468,1,Food Processing & Production,Dairy Processing
469,1,Horticulture & Landscaping,Garden
469,1,Horticulture & Landscaping,Greenhouse
469,1,Horticulture & Landscaping,Master Gardener Class
469,1,Horticulture & Landscaping,Flowers
480,1,Horticulture & Landscaping,Horticulture Program
483,1,Horticulture & Landscaping,Garden
485,1,Horticulture & Landscaping,Flowers
487,1,Horticulture & Landscaping,Garden
487,1,Horticulture & Landscaping,Greenhouse
487,1,Crops & Silviculture,Crops
487,1,Animal Agriculture,Livestock
487,1,Animal Agriculture,Dairy
487,1,Food Processing & Production,Slaughterhouse
487,1,Food Processing & Production,Dairy Processing
488,1,Horticulture & Landscaping,Garden
489,1,Horticulture & Landscaping,Garden
489,1,Crops & Silviculture,Crops
490,1,Horticulture & Landscaping,Garden
490,1,Animal Agriculture,Beekeeping
490,1,Food Processing & Production,Coffee and Tea
492,1,Horticulture & Landscaping,Garden
492,1,Crops & Silviculture,Crops
493,1,Horticulture & Landscaping,Garden
494,1,Horticulture & Landscaping,Garden
494,1,Crops & Silviculture,Orchard
494,1,Animal Agriculture,Equine
495,1,Horticulture & Landscaping,Garden
496,1,Horticulture & Landscaping,Garden
499,1,Horticulture & Landscaping,Garden
499,1,Crops & Silviculture,Crops
499,1,Animal Agriculture,Beekeeping
500,1,Horticulture & Landscaping,Garden
500,1,Crops & Silviculture,Crops
500,1,Animal Agriculture,Livestock
500,1,Animal Agriculture,Poultry
500,1,Animal Agriculture,Dairy
500,1,Food Processing & Production,Food Processing
501,1,Horticulture & Landscaping,Garden
501,1,Animal Agriculture,Livestock
501,1,Animal Agriculture,Beekeeping
502,1,Horticulture & Landscaping,Greenhouse
502,1,Horticulture & Landscaping,Landscaping
502,1,Animal Agriculture,Aquaculture
502,1,Animal Agriculture,Beekeeping
503,1,Horticulture & Landscaping,Landscaping
503,1,Animal Agriculture,Beekeeping
504,1,Horticulture & Landscaping,Landscaping
505,1,Horticulture & Landscaping,Landscaping
506,1,Horticulture & Landscaping,Landscaping
507,1,Horticulture & Landscaping,Landscaping
508,1,Horticulture & Landscaping,Landscaping
510,1,Horticulture & Landscaping,Landscaping
510,1,Crops & Silviculture,Crops
511,1,Horticulture & Landscaping,Landscaping
512,1,Horticulture & Landscaping,Composting
512,1,Horticulture & Landscaping,Landscaping
512,1,Animal Agriculture,Dairy
512,1,Animal Agriculture,Equine
512,1,Food Processing & Production,Dairy Processing
513,1,Horticulture & Landscaping,Landscaping
514,1,Horticulture & Landscaping,Landscaping
515,1,Horticulture & Landscaping,Landscaping
515,1,Crops & Silviculture,Crops
516,1,Horticulture & Landscaping,Landscaping
517,1,Horticulture & Landscaping,Landscaping
518,1,Horticulture & Landscaping,Landscaping
518,1,Crops & Silviculture,Crops
518,1,Crops & Silviculture,Orchard
518,1,Crops & Silviculture,Vineyard
518,1,Animal Agriculture,Dairy
518,1,Animal Agriculture,Poultry
519,1,Horticulture & Landscaping,Landscaping
519,1,Horticulture & Landscaping,Garden
519,1,Animal Agriculture,Beekeeping
520,1,Horticulture & Landscaping,Landscaping
521,1,Horticulture & Landscaping,Landscaping
522,1,Horticulture & Landscaping,Landscaping
523,1,Horticulture & Landscaping,Landscaping
524,1,Crops & Silviculture,Crops
524,1,Animal Agriculture,Livestock
524,1,Animal Agriculture,Beekeeping
524,1,Food Processing & Production,Feed Mill
525,1,Horticulture & Landscaping,Landscaping
526,1,Horticulture & Landscaping,Landscaping
527,1,Horticulture & Landscaping,Horticulture Program
528,1,Horticulture & Landscaping,Landscaping
529,1,Horticulture & Landscaping,Horticulture Program
530,1,Horticulture & Landscaping,Horticulture Program
530,1,Horticulture & Landscaping,Landscaping
531,1,Horticulture & Landscaping,Landscaping
532,1,Horticulture & Landscaping,Horticulture Program
532,1,Crops & Silviculture,Crops
532,1,Food Processing & Production,Meat Processing
533,1,Horticulture & Landscaping,Horticulture Program
533,1,Horticulture & Landscaping,Landscaping
534,1,Horticulture & Landscaping,Horticulture Program
535,1,Horticulture & Landscaping,Horticulture Program
535,1,Horticulture & Landscaping,Landscaping
536,1,Horticulture & Landscaping,Horticulture Program
537,1,Horticulture & Landscaping,Landscaping
538,1,Horticulture & Landscaping,Landscaping
539,1,Horticulture & Landscaping,Landscaping
540,1,Horticulture & Landscaping,Horticulture Program
541,1,Horticulture & Landscaping,Landscaping
542,1,Horticulture & Landscaping,Horticulture Program
543,1,Horticulture & Landscaping,Horticulture Program
545,1,Horticulture & Landscaping,Horticulture Program
545,1,Crops & Silviculture,Crops
546,1,Horticulture & Landscaping,Horticulture Program
546,1,Horticulture & Landscaping,Landscaping
547,1,Horticulture & Landscaping,Horticulture Program
548,1,Horticulture & Landscaping,Horticulture Program
549,1,Horticulture & Landscaping,Horticulture Program
549,1,Animal Agriculture,Dairy
549,1,Food Processing & Production,Cannery
549,1,Food Processing & Production,Dairy Processing
550,1,Horticulture & Landscaping,Horticulture Program
551,1,Horticulture & Landscaping,Horticulture Program
553,1,Horticulture & Landscaping,Horticulture Program
554,1,Horticulture & Landscaping,Horticulture Program
554,1,Crops & Silviculture,Crops
555,1,Horticulture & Landscaping,Horticulture Program
557,1,Horticulture & Landscaping,Horticulture Program
559,1,Horticulture & Landscaping,Landscaping
562,1,Horticulture & Landscaping,Landscaping
562,1,Crops & Silviculture,Crops
562,1,Animal Agriculture,Poultry
562,1,Animal Agriculture,Livestock
562,1,Food Processing & Production,Feed Mill
563,1,Horticulture & Landscaping,Landscaping
564,1,Horticulture & Landscaping,Landscaping
565,1,Horticulture & Landscaping,Horticulture Program
565,1,Horticulture & Landscaping,Landscaping
567,1,Horticulture & Landscaping,Horticulture Program
569,1,Horticulture & Landscaping,Horticulture Program
569,1,Crops & Silviculture,Crops
569,1,Animal Agriculture,Dairy
569,1,Animal Agriculture,Poultry
569,1,Animal Agriculture,Livestock
569,1,Food Processing & Production,Cannery
569,1,Food Processing & Production,Food Processing
569,1,Food Processing & Production,Feed Mill
569,1,Food Processing & Production,Dairy Processing
571,1,Horticulture & Landscaping,Horticulture Program
571,1,Animal Agriculture,Beekeeping
572,1,Horticulture & Landscaping,Landscaping
574,1,Horticulture & Landscaping,Landscaping
575,1,Horticulture & Landscaping,Landscaping
576,1,Horticulture & Landscaping,Horticulture Program
577,1,Horticulture & Landscaping,Landscaping
579,1,Horticulture & Landscaping,Horticulture Program
580,1,Horticulture & Landscaping,Horticulture Program
580,1,Crops & Silviculture,Crops
581,1,Horticulture & Landscaping,Landscaping
582,1,Horticulture & Landscaping,Horticulture Program
584,1,Horticulture & Landscaping,Horticulture Program
585,1,Horticulture & Landscaping,Landscaping
585,1,Crops & Silviculture,Crops
585,1,Animal Agriculture,Livestock
585,1,Food Processing & Production,Food Processing
585,1,Food Processing & Production,Feed Mill
586,1,Horticulture & Landscaping,Horticulture Program
588,1,Crops & Silviculture,Silviculture
588,1,Animal Agriculture,Livestock
589,1,Crops & Silviculture,Orchard
589,1,Animal Agriculture,Livestock
589,1,Food Processing & Production,Meat Processing
590,1,Animal Agriculture,Livestock
591,1,Horticulture & Landscaping,Horticulture Program
592,1,Horticulture & Landscaping,Horticulture Program
592,1,Crops & Silviculture,Crops
592,1,Animal Agriculture,Livestock
593,1,Animal Agriculture,Livestock
594,1,Horticulture & Landscaping,Horticulture Program
595,1,Horticulture & Landscaping,Garden
595,1,Horticulture & Landscaping,Landscaping
596,1,Horticulture & Landscaping,Greenhouse
596,1,Crops & Silviculture,Crops
597,1,Crops & Silviculture,Crops
597,1,Crops & Silviculture,Orchard
599,1,Horticulture & Landscaping,Horticulture Program
600,1,Horticulture & Landscaping,Horticulture Program
603,1,Horticulture & Landscaping,Flowers
603,1,Crops & Silviculture,Crops
603,1,Animal Agriculture,Poultry
603,1,Food Processing & Production,Cannery
603,1,Food Processing & Production,Egg Processing
603,1,Food Processing & Production,Food Distribution
604,1,Horticulture & Landscaping,Horticulture Program
605,1,Horticulture & Landscaping,Horticulture Program
605,1,Horticulture & Landscaping,Flowers
605,1,Crops & Silviculture,Crops
611,1,Horticulture & Landscaping,Horticulture Program
611,1,Crops & Silviculture,Crops
612,1,Horticulture & Landscaping,Horticulture Program
612,1,Crops & Silviculture,Crops
614,1,Horticulture & Landscaping,Horticulture Program
619,1,Food Processing & Production,Food Processing
619,1,Food Processing & Production,Meat Processing
621,1,Horticulture & Landscaping,Horticulture Program
622,1,Horticulture & Landscaping,Horticulture Program
622,1,Horticulture & Landscaping,Flowers
622,1,Crops & Silviculture,Crops
624,1,Horticulture & Landscaping,Garden
624,1,Horticulture & Landscaping,Greenhouse
625,1,Horticulture & Landscaping,Horticulture Program
626,1,Horticulture & Landscaping,Horticulture Program
629,1,Horticulture & Landscaping,Horticulture Program
632,1,Horticulture & Landscaping,Horticulture Program
633,1,Horticulture & Landscaping,Horticulture Program
634,1,Horticulture & Landscaping,Horticulture Program
636,1,Horticulture & Landscaping,Horticulture Program
636,1,Crops & Silviculture,Crops
638,1,Horticulture & Landscaping,Horticulture Program
642,1,Horticulture & Landscaping,Horticulture Program
643,1,Horticulture & Landscaping,Horticulture Program
647,1,Horticulture & Landscaping,Horticulture Program
647,1,Crops & Silviculture,Crops
649,1,Horticulture & Landscaping,Greenhouse
649,1,Crops & Silviculture,Crops
650,1,Horticulture & Landscaping,Horticulture Program
652,1,Food Processing & Production,Meat Processing
653,1,Horticulture & Landscaping,Horticulture Program
653,1,Horticulture & Landscaping,Greenhouse
653,1,Animal Agriculture,Beekeeping
654,1,Horticulture & Landscaping,Horticulture Program
654,1,Horticulture & Landscaping,Greenhouse
654,1,Crops & Silviculture,Silviculture
655,1,Horticulture & Landscaping,Horticulture Program
655,1,Horticulture & Landscaping,Greenhouse
656,1,Horticulture & Landscaping,Greenhouse
656,1,Crops & Silviculture,Silviculture
656,1,Crops & Silviculture,Crops
656,1,Animal Agriculture,Livestock
657,1,Horticulture & Landscaping,Horticulture Program
658,1,Horticulture & Landscaping,Horticulture Program
658,1,Horticulture & Landscaping,Greenhouse
659,1,Horticulture & Landscaping,Horticulture Program
659,1,Horticulture & Landscaping,Greenhouse
659,1,Crops & Silviculture,Silviculture
659,1,Animal Agriculture,Beekeeping
661,1,Horticulture & Landscaping,Horticulture Program
661,1,Horticulture & Landscaping,Greenhouse
661,1,Animal Agriculture,Beekeeping
662,1,Horticulture & Landscaping,Horticulture Program
662,1,Horticulture & Landscaping,Greenhouse
662,1,Crops & Silviculture,Silviculture
665,1,Horticulture & Landscaping,Horticulture Program
665,1,Horticulture & Landscaping,Greenhouse
665,1,Crops & Silviculture,Silviculture
665,1,Crops & Silviculture,Crops
665,1,Animal Agriculture,Poultry
665,1,Animal Agriculture,Beekeeping
666,1,Horticulture & Landscaping,Horticulture Program
666,1,Horticulture & Landscaping,Greenhouse
666,1,Animal Agriculture,Beekeeping
667,1,Horticulture & Landscaping,Horticulture Program
667,1,Horticulture & Landscaping,Greenhouse
667,1,Crops & Silviculture,Silviculture
669,1,Horticulture & Landscaping,Horticulture Program
669,1,Horticulture & Landscaping,Greenhouse
669,1,Animal Agriculture,Beekeeping
670,1,Horticulture & Landscaping,Horticulture Program
670,1,Horticulture & Landscaping,Greenhouse
670,1,Animal Agriculture,Beekeeping
671,1,Horticulture & Landscaping,Horticulture Program
671,1,Horticulture & Landscaping,Greenhouse
671,1,Crops & Silviculture,Crops
672,1,Horticulture & Landscaping,Horticulture Program
672,1,Horticulture & Landscaping,Greenhouse
673,1,Horticulture & Landscaping,Horticulture Program
673,1,Horticulture & Landscaping,Greenhouse
673,1,Crops & Silviculture,Silviculture
674,1,Horticulture & Landscaping,Horticulture Program
674,1,Horticulture & Landscaping,Greenhouse
674,1,Crops & Silviculture,Crops
674,1,Animal Agriculture,Dairy
674,1,Animal Agriculture,Livestock
674,1,Food Processing & Production,Feed Mill
674,1,Food Processing & Production,Dairy Processing
675,1,Horticulture & Landscaping,Garden
675,1,Horticulture & Landscaping,Composting
675,1,Crops & Silviculture,Crops
676,1,Horticulture & Landscaping,Garden
676,1,Horticulture & Landscaping,Composting
676,1,Crops & Silviculture,Crops
676,1,Animal Agriculture,Livestock
677,1,Horticulture & Landscaping,Greenhouse
677,1,Crops & Silviculture,Crops
677,1,Animal Agriculture,Livestock
678,1,Horticulture & Landscaping,Greenhouse
678,1,Horticulture & Landscaping,Composting
678,1,Crops & Silviculture,Crops
678,1,Animal Agriculture,Livestock
679,1,Horticulture & Landscaping,Greenhouse
679,1,Crops & Silviculture,Crops
679,1,Animal Agriculture,Livestock
680,1,Crops & Silviculture,Crops
680,1,Animal Agriculture,Livestock
681,1,Horticulture & Landscaping,Greenhouse
681,1,Horticulture & Landscaping,Composting
681,1,Crops & Silviculture,Crops
681,1,Animal Agriculture,Livestock
683,1,Crops & Silviculture,Crops
683,1,Animal Agriculture,Livestock
684,1,Horticulture & Landscaping,Greenhouse
684,1,Horticulture & Landscaping,Composting
684,1,Crops & Silviculture,Crops
684,1,Animal Agriculture,Livestock
685,1,Horticulture & Landscaping,Greenhouse
685,1,Horticulture & Landscaping,Garden
685,1,Horticulture & Landscaping,Horticulture Program
685,1,Crops & Silviculture,Crops
685,1,Animal Agriculture,Livestock
685,1,Food Processing & Production,Food Processing
686,1,Horticulture & Landscaping,Composting
688,1,Crops & Silviculture,Crops
688,1,Animal Agriculture,Livestock
689,1,Horticulture & Landscaping,Horticulture Program
689,1,Crops & Silviculture,Crops
689,1,Animal Agriculture,Livestock
690,1,Horticulture & Landscaping,Greenhouse
690,1,Horticulture & Landscaping,Composting
690,1,Crops & Silviculture,Crops
690,1,Animal Agriculture,Livestock
691,1,Horticulture & Landscaping,Composting
691,1,Crops & Silviculture,Crops
691,1,Animal Agriculture,Livestock
692,1,Horticulture & Landscaping,Garden
696,1,Horticulture & Landscaping,Greenhouse
696,1,Horticulture & Landscaping,Horticulture Program
696,1,Crops & Silviculture,Crops
696,1,Crops & Silviculture,Orchard
696,1,Animal Agriculture,Livestock
697,1,Horticulture & Landscaping,Hydroponics
697,1,Crops & Silviculture,Crops
697,1,Animal Agriculture,Livestock
698,1,Horticulture & Landscaping,Greenhouse
698,1,Horticulture & Landscaping,Horticulture Program
698,1,Crops & Silviculture,Crops
698,1,Animal Agriculture,Livestock
699,1,Horticulture & Landscaping,Composting
699,1,Crops & Silviculture,Crops
701,1,Horticulture & Landscaping,Garden
703,1,Horticulture & Landscaping,Greenhouse
703,1,Horticulture & Landscaping,Composting
703,1,Crops & Silviculture,Crops
703,1,Animal Agriculture,Livestock
705,1,Horticulture & Landscaping,Greenhouse
705,1,Horticulture & Landscaping,Garden
705,1,Horticulture & Landscaping,Composting
705,1,Horticulture & Landscaping,Horticulture Program
705,1,Crops & Silviculture,Crops
705,1,Animal Agriculture,Livestock
705,1,Animal Agriculture,Dairy
705,1,Food Processing & Production,Food Processing
705,1,Food Processing & Production,Meat Processing
706,1,Horticulture & Landscaping,Composting
707,1,Horticulture & Landscaping,Horticulture Program
707,1,Horticulture & Landscaping,Composting
707,1,Animal Agriculture,Equine
710,1,Horticulture & Landscaping,Garden
710,1,Horticulture & Landscaping,Composting
710,1,Horticulture & Landscaping,Horticulture Program
712,1,Horticulture & Landscaping,Greenhouse
712,1,Horticulture & Landscaping,Garden
712,1,Horticulture & Landscaping,Composting
712,1,Crops & Silviculture,Crops
712,1,Crops & Silviculture,Orchard
712,1,Animal Agriculture,Aquaculture
714,1,Horticulture & Landscaping,Garden
716,1,Horticulture & Landscaping,Garden
717,1,Horticulture & Landscaping,Garden
717,1,Crops & Silviculture,Crops
718,1,Horticulture & Landscaping,Garden
718,1,Crops & Silviculture,Crops
719,1,Horticulture & Landscaping,Garden
721,1,Horticulture & Landscaping,Garden
723,1,Horticulture & Landscaping,Garden
723,1,Crops & Silviculture,Crops
724,1,Horticulture & Landscaping,Garden
724,1,Horticulture & Landscaping,Greenhouse
726,1,Crops & Silviculture,Crops
726,1,Animal Agriculture,Livestock
727,1,Crops & Silviculture,Crops
729,1,Horticulture & Landscaping,Greenhouse
729,1,Horticulture & Landscaping,Master Gardener Class
729,1,Horticulture & Landscaping,Garden
729,1,Horticulture & Landscaping,Composting
730,1,Horticulture & Landscaping,Garden
730,1,Horticulture & Landscaping,Landscaping
731,1,Horticulture & Landscaping,Garden
731,1,Horticulture & Landscaping,Horticulture Program
731,1,Horticulture & Landscaping,Landscaping
734,1,Horticulture & Landscaping,Garden
734,1,Horticulture & Landscaping,Landscaping
737,1,Horticulture & Landscaping,Garden
740,1,Horticulture & Landscaping,Horticulture Program
741,1,Horticulture & Landscaping,Garden
741,1,Horticulture & Landscaping,Landscaping
741,1,Horticulture & Landscaping,Greenhouse
742,1,Horticulture & Landscaping,Garden
742,1,Horticulture & Landscaping,Greenhouse
742,1,Horticulture & Landscaping,Landscaping
743,1,Horticulture & Landscaping,Horticulture Program
744,1,Horticulture & Landscaping,Landscaping
745,1,Horticulture & Landscaping,Garden
745,1,Horticulture & Landscaping,Greenhouse
747,1,Horticulture & Landscaping,Garden
755,1,Horticulture & Landscaping,Horticulture Program
755,1,Animal Agriculture,Dairy
755,1,Food Processing & Production,Dairy Processing
756,1,Horticulture & Landscaping,Horticulture Program
757,1,Horticulture & Landscaping,Greenhouse
757,1,Horticulture & Landscaping,Flowers
759,1,Horticulture & Landscaping,Horticulture Program
759,1,Horticulture & Landscaping,Landscaping
759,1,Horticulture & Landscaping,Pest Management
759,1,Animal Agriculture,Dairy
759,1,Food Processing & Production,Dairy Processing
763,1,Horticulture & Landscaping,Horticulture Program
763,1,Horticulture & Landscaping,Landscaping
763,1,Horticulture & Landscaping,Pest Management
763,1,Food Processing & Production,Food Processing
763,1,Food Processing & Production,Meat Processing
764,1,Horticulture & Landscaping,Horticulture Program
764,1,Horticulture & Landscaping,Landscaping
764,1,Horticulture & Landscaping,Pest Management
765,1,Horticulture & Landscaping,Horticulture Program
769,1,Horticulture & Landscaping,Horticulture Program
770,1,Horticulture & Landscaping,Horticulture Program
771,1,Horticulture & Landscaping,Horticulture Program
772,1,Horticulture & Landscaping,Horticulture Program
774,1,Horticulture & Landscaping,Horticulture Program
781,1,Horticulture & Landscaping,Horticulture Program
782,1,Horticulture & Landscaping,Horticulture Program
783,1,Horticulture & Landscaping,Horticulture Program
784,1,Horticulture & Landscaping,Horticulture Program
785,1,Horticulture & Landscaping,Horticulture Program
788,1,Horticulture & Landscaping,Horticulture Program
789,1,Horticulture & Landscaping,Horticulture Program
790,1,Horticulture & Landscaping,Garden
791,1,Horticulture & Landscaping,Horticulture Program
792,1,Horticulture & Landscaping,Horticulture Program
793,1,Horticulture & Landscaping,Horticulture Program
794,1,Horticulture & Landscaping,Horticulture Program
800,1,Horticulture & Landscaping,Horticulture Program
807,1,Horticulture & Landscaping,Horticulture Program
809,1,Horticulture & Landscaping,Horticulture Program
809,1,Animal Agriculture,Equine
810,1,Horticulture & Landscaping,Horticulture Program
811,1,Horticulture & Landscaping,Horticulture Program
813,1,Horticulture & Landscaping,Horticulture Program
815,1,Horticulture & Landscaping,Horticulture Program
816,1,Horticulture & Landscaping,Horticulture Program
816,1,Horticulture & Landscaping,Composting
817,1,Horticulture & Landscaping,Horticulture Program
817,1,Horticulture & Landscaping,Landscaping
817,1,Horticulture & Landscaping,Composting
818,1,Horticulture & Landscaping,Landscaping
818,1,Food Processing & Production,Unspecified Food Production
819,1,Horticulture & Landscaping,Landscaping
819,1,Horticulture & Landscaping,Horticulture Program
820,1,Horticulture & Landscaping,Landscaping
821,1,Horticulture & Landscaping,Landscaping
823,1,Horticulture & Landscaping,Horticulture Program
824,1,Horticulture & Landscaping,Landscaping
824,1,Food Processing & Production,Unspecified Food Production
825,1,Horticulture & Landscaping,Landscaping
826,1,Animal Agriculture,Beekeeping
827,1,Horticulture & Landscaping,Horticulture Program
828,1,Horticulture & Landscaping,Horticulture Program
828,1,Horticulture & Landscaping,Landscaping
828,1,Horticulture & Landscaping,Garden
829,1,Horticulture & Landscaping,Garden
830,1,Horticulture & Landscaping,Garden
831,1,Horticulture & Landscaping,Horticulture Program
832,1,Horticulture & Landscaping,Horticulture Program
832,1,Horticulture & Landscaping,Landscaping
833,1,Horticulture & Landscaping,Landscaping
834,1,Food Processing & Production,Meat Processing
835,1,Horticulture & Landscaping,Turf Management
840,1,Horticulture & Landscaping,Horticulture Program
840,1,Horticulture & Landscaping,Garden
840,1,Horticulture & Landscaping,Composting
840,1,Horticulture & Landscaping,Landscaping
840,1,Animal Agriculture,Beekeeping
840,1,Animal Agriculture,Aquaculture
840,1,Food Processing & Production,Unspecified Food Production
841,1,Horticulture & Landscaping,Horticulture Program
842,1,Horticulture & Landscaping,Garden
843,1,Horticulture & Landscaping,Horticulture Program
844,1,Horticulture & Landscaping,Garden
844,1,Horticulture & Landscaping,Greenhouse
844,1,Horticulture & Landscaping,Flowers
846,1,Horticulture & Landscaping,Garden
848,1,Horticulture & Landscaping,Garden
848,1,Crops & Silviculture,Orchard
848,1,Crops & Silviculture,Firewood
848,1,Crops & Silviculture,Crops
848,1,Animal Agriculture,Livestock
849,1,Crops & Silviculture,Crops
849,1,Animal Agriculture,Livestock
849,1,Animal Agriculture,Dairy
849,1,Animal Agriculture,Eggs
849,1,Food Processing & Production,Dairy Processing
849,1,Food Processing & Production,Meat Processing
849,1,Food Processing & Production,Feed Mill
850,1,Horticulture & Landscaping,Horticulture Program
850,1,Crops & Silviculture,Crops
850,1,Animal Agriculture,Livestock
850,1,Food Processing & Production,Food Processing
850,1,Food Processing & Production,Food Distribution
851,1,Crops & Silviculture,Crops
851,1,Animal Agriculture,Livestock
853,1,Crops & Silviculture,Crops
853,1,Crops & Silviculture,Firewood
853,1,Animal Agriculture,Livestock
853,1,Food Processing & Production,Food Distribution
857,1,Crops & Silviculture,Firewood
857,1,Animal Agriculture,Livestock
858,1,Horticulture & Landscaping,Garden
859,1,Crops & Silviculture,Crops
859,1,Animal Agriculture,Livestock
860,1,Crops & Silviculture,Crops
860,1,Crops & Silviculture,Firewood
860,1,Animal Agriculture,Livestock
860,1,Animal Agriculture,Equine
863,1,Crops & Silviculture,Crops
863,1,Crops & Silviculture,Firewood
863,1,Animal Agriculture,Livestock
866,1,Horticulture & Landscaping,Garden
866,1,Crops & Silviculture,Crops
866,1,Crops & Silviculture,Firewood
866,1,Animal Agriculture,Livestock
867,1,Horticulture & Landscaping,Garden
867,1,Horticulture & Landscaping,Pollinator Garden
867,1,Horticulture & Landscaping,Flowers
867,1,Animal Agriculture,Butterfly Hatchery
868,1,Horticulture & Landscaping,Master Gardener Class
868,1,Horticulture & Landscaping,Garden
869,1,Horticulture & Landscaping,Garden
870,1,Horticulture & Landscaping,Garden
870,1,Horticulture & Landscaping,Composting
870,1,Animal Agriculture,Beekeeping
871,1,Horticulture & Landscaping,Garden
872,1,Horticulture & Landscaping,Garden
872,1,Horticulture & Landscaping,Greenhouse
873,1,Horticulture & Landscaping,Garden
874,1,Horticulture & Landscaping,Landscaping
874,1,Horticulture & Landscaping,Garden
875,1,Horticulture & Landscaping,Garden
876,1,Horticulture & Landscaping,Landscaping
876,1,Horticulture & Landscaping,Garden
877,1,Horticulture & Landscaping,Garden
877,1,Horticulture & Landscaping,Greenhouse
877,1,Horticulture & Landscaping,Sagebrush Cultivation
878,1,Horticulture & Landscaping,Garden
878,1,Crops & Silviculture,Silviculture
879,1,Horticulture & Landscaping,Landscaping
879,1,Horticulture & Landscaping,Garden
880,1,Horticulture & Landscaping,Greenhouse
880,1,Horticulture & Landscaping,Garden
880,1,Horticulture & Landscaping,Sagebrush Cultivation
883,1,Horticulture & Landscaping,Garden
887,1,Horticulture & Landscaping,Horticulture Program
887,1,Horticulture & Landscaping,Composting
887,1,Horticulture & Landscaping,Horticulture Program
887,1,Horticulture & Landscaping,Garden
893,1,Horticulture & Landscaping,Horticulture Program
893,1,Horticulture & Landscaping,Landscaping
893,1,Animal Agriculture,Livestock
895,1,Horticulture & Landscaping,Garden
896,1,Horticulture & Landscaping,Horticulture Program
898,1,Animal Agriculture,Livestock
899,1,Horticulture & Landscaping,Landscaping
901,1,Horticulture & Landscaping,Garden
902,1,Horticulture & Landscaping,Greenhouse
902,1,Horticulture & Landscaping,Garden
902,1,Horticulture & Landscaping,Arboriculture Training
902,1,Crops & Silviculture,Crops
902,1,Crops & Silviculture,Silviculture
902,1,Animal Agriculture,Livestock
904,1,Horticulture & Landscaping,Garden
906,1,Horticulture & Landscaping,Garden
906,1,Animal Agriculture,Livestock
906,1,Horticulture & Landscaping,Garden
906,1,Animal Agriculture,Livestock
907,1,Horticulture & Landscaping,Garden
907,1,Crops & Silviculture,Crops
907,1,Animal Agriculture,Livestock
907,1,Food Processing & Production,Feed Mill
908,1,Horticulture & Landscaping,Horticulture Program
908,1,Horticulture & Landscaping,Garden
909,1,Crops & Silviculture,Crops
910,1,Crops & Silviculture,Crops
911,1,Crops & Silviculture,Crops
911,1,Animal Agriculture,Livestock
913,1,Horticulture & Landscaping,Garden
913,1,Crops & Silviculture,Crops
913,1,Animal Agriculture,Livestock
914,1,Horticulture & Landscaping,Garden
914,1,Crops & Silviculture,Crops
914,1,Animal Agriculture,Livestock
915,1,Horticulture & Landscaping,Garden
915,1,Crops & Silviculture,Crops
915,1,Animal Agriculture,Livestock
916,1,Horticulture & Landscaping,Garden
917,1,Crops & Silviculture,Crops
917,1,Animal Agriculture,Livestock
918,1,Horticulture & Landscaping,Garden
918,1,Animal Agriculture,Livestock
919,1,Crops & Silviculture,Crops
919,1,Animal Agriculture,Livestock
920,1,Crops & Silviculture,Crops
920,1,Animal Agriculture,Livestock
922,1,Horticulture & Landscaping,Garden
923,1,Crops & Silviculture,Crops
923,1,Animal Agriculture,Livestock
923,1,Food Processing & Production,Feed Mill
924,1,Horticulture & Landscaping,Garden
924,1,Crops & Silviculture,Crops
924,1,Animal Agriculture,Livestock
924,1,Animal Agriculture,Beekeeping
925,1,Crops & Silviculture,Crops
925,1,Animal Agriculture,Livestock
926,1,Crops & Silviculture,Crops
926,1,Animal Agriculture,Livestock
927,1,Horticulture & Landscaping,Garden
927,1,Crops & Silviculture,Crops
927,1,Animal Agriculture,Livestock
928,1,Horticulture & Landscaping,Garden
929,1,Horticulture & Landscaping,Garden
929,1,Animal Agriculture,Livestock
930,1,Horticulture & Landscaping,Garden
931,1,Horticulture & Landscaping,Garden
931,1,Animal Agriculture,Livestock
932,1,Horticulture & Landscaping,Garden
932,1,Crops & Silviculture,Crops
932,1,Animal Agriculture,Livestock
933,1,Horticulture & Landscaping,Garden
933,1,Crops & Silviculture,Crops
933,1,Animal Agriculture,Livestock
934,1,Animal Agriculture,Livestock
935,1,Horticulture & Landscaping,Garden
935,1,Crops & Silviculture,Crops
935,1,Animal Agriculture,Livestock
935,1,Food Processing & Production,Feed Mill
936,1,Animal Agriculture,Livestock
937,1,Horticulture & Landscaping,Garden
938,1,Horticulture & Landscaping,Garden
938,1,Animal Agriculture,Livestock
939,1,Horticulture & Landscaping,Garden
939,1,Animal Agriculture,Livestock
940,1,Horticulture & Landscaping,Garden
940,1,Animal Agriculture,Livestock
941,1,Horticulture & Landscaping,Garden
941,1,Crops & Silviculture,Crops
941,1,Animal Agriculture,Livestock
942,1,Crops & Silviculture,Crops
942,1,Crops & Silviculture,Orchard
942,1,Animal Agriculture,Livestock
943,1,Horticulture & Landscaping,Garden
944,1,Crops & Silviculture,Crops
944,1,Animal Agriculture,Livestock
946,1,Horticulture & Landscaping,Garden
946,1,Crops & Silviculture,Crops
946,1,Animal Agriculture,Livestock
948,1,Horticulture & Landscaping,Garden
949,1,Animal Agriculture,Livestock
950,1,Horticulture & Landscaping,Garden
950,1,Animal Agriculture,Livestock
952,1,Horticulture & Landscaping,Garden
952,1,Crops & Silviculture,Crops
953,1,Horticulture & Landscaping,Garden
953,1,Crops & Silviculture,Crops
953,1,Animal Agriculture,Livestock
954,1,Animal Agriculture,Livestock
955,1,Horticulture & Landscaping,Garden
955,1,Animal Agriculture,Livestock
956,1,Horticulture & Landscaping,Garden
956,1,Crops & Silviculture,Crops
956,1,Animal Agriculture,Livestock
957,1,Horticulture & Landscaping,Garden
957,1,Crops & Silviculture,Crops
957,1,Animal Agriculture,Livestock
959,1,Horticulture & Landscaping,Garden
960,1,Horticulture & Landscaping,Garden
961,1,Horticulture & Landscaping,Garden
961,1,Animal Agriculture,Livestock
962,1,Horticulture & Landscaping,Garden
962,1,Crops & Silviculture,Crops
962,1,Animal Agriculture,Livestock
962,1,Food Processing & Production,Feed Mill
963,1,Horticulture & Landscaping,Garden
963,1,Animal Agriculture,Livestock
964,1,Horticulture & Landscaping,Garden
964,1,Crops & Silviculture,Crops
965,1,Horticulture & Landscaping,Garden
965,1,Crops & Silviculture,Crops
965,1,Animal Agriculture,Livestock
966,1,Horticulture & Landscaping,Garden
966,1,Crops & Silviculture,Crops
966,1,Animal Agriculture,Livestock
967,1,Horticulture & Landscaping,Garden
967,1,Crops & Silviculture,Crops
967,1,Animal Agriculture,Livestock
968,1,Horticulture & Landscaping,Garden
968,1,Food Processing & Production,Meat Processing
969,1,Horticulture & Landscaping,Garden
970,1,Horticulture & Landscaping,Garden
970,1,Crops & Silviculture,Crops
970,1,Animal Agriculture,Livestock
971,1,Horticulture & Landscaping,Garden
971,1,Animal Agriculture,Livestock
972,1,Horticulture & Landscaping,Garden
972,1,Crops & Silviculture,Silviculture
972,1,Animal Agriculture,Livestock
973,1,Horticulture & Landscaping,Garden
973,1,Crops & Silviculture,Crops
973,1,Animal Agriculture,Livestock
973,1,Food Processing & Production,Feed Mill
974,1,Crops & Silviculture,Crops
974,1,Animal Agriculture,Livestock
975,1,Horticulture & Landscaping,Garden
975,1,Crops & Silviculture,Crops
975,1,Animal Agriculture,Livestock
976,1,Horticulture & Landscaping,Garden
976,1,Crops & Silviculture,Crops
976,1,Animal Agriculture,Livestock
977,1,Horticulture & Landscaping,Garden
978,1,Horticulture & Landscaping,Garden
979,1,Crops & Silviculture,Crops
979,1,Animal Agriculture,Livestock
980,1,Crops & Silviculture,Crops
980,1,Animal Agriculture,Livestock
980,1,Animal Agriculture,Beekeeping
981,1,Horticulture & Landscaping,Garden
981,1,Crops & Silviculture,Crops
981,1,Animal Agriculture,Livestock
982,1,Horticulture & Landscaping,Garden
983,1,Horticulture & Landscaping,Garden
983,1,Crops & Silviculture,Crops
983,1,Animal Agriculture,Livestock
984,1,Horticulture & Landscaping,Garden
984,1,Animal Agriculture,Livestock
985,1,Horticulture & Landscaping,Garden
985,1,Animal Agriculture,Livestock
986,1,Crops & Silviculture,Crops
986,1,Animal Agriculture,Livestock
986,1,Food Processing & Production,Cannery
987,1,Horticulture & Landscaping,Garden
987,1,Crops & Silviculture,Crops
987,1,Animal Agriculture,Livestock
988,1,Crops & Silviculture,Crops
988,1,Animal Agriculture,Livestock
988,1,Food Processing & Production,Cannery
989,1,Horticulture & Landscaping,Garden
989,1,Animal Agriculture,Livestock
990,1,Horticulture & Landscaping,Garden
991,1,Horticulture & Landscaping,Garden
992,1,Horticulture & Landscaping,Garden
992,1,Crops & Silviculture,Crops
992,1,Animal Agriculture,Livestock
993,1,Horticulture & Landscaping,Garden
993,1,Crops & Silviculture,Crops
993,1,Animal Agriculture,Livestock
994,1,Horticulture & Landscaping,Garden
994,1,Animal Agriculture,Livestock
995,1,Horticulture & Landscaping,Garden
996,1,Horticulture & Landscaping,Garden
996,1,Crops & Silviculture,Crops
996,1,Animal Agriculture,Livestock
1040,1,Horticulture & Landscaping,Garden
